"uploadId";"url";"createdDate";"updatedDate";"postId_id"
13;"static/postimages/ground_0024_ao_1k_5o8NlTv.jpg";"2022-05-17 14:33:04.313860";"2022-05-17 14:33:04.313868";"62022-05-1711136"
15;"static/postimages/ground_0024_ao_1k_vZb5Law.jpg";"2022-05-17 15:11:19.611817";"2022-05-17 15:11:19.611826";"62022-05-1794333"
17;"static/postimages/ground_0024_ao_1k_G9poIks.jpg";"2022-05-17 15:14:45.126268";"2022-05-17 15:14:45.126276";"62022-05-1720812"
19;"static/postimages/ground_0024_ao_1k_xsiIC0E.jpg";"2022-05-17 15:14:45.126268";"2022-05-17 15:14:45.126276";"62022-05-1782815"
20;"static/postimages/ground_0024_color_1k_FIWW2ab.jpg";"2022-05-17 15:14:45.126268";"2022-05-17 15:14:45.126276";"62022-05-1782815"
21;"static/postimages/ground_0024_normal_directx_1k.png";"2022-05-17 15:14:45.126268";"2022-05-17 15:14:45.126276";"62022-05-1736137"
22;"static/postimages/ground_0024_color_1k_ZOR8e6L.jpg";"2022-05-17 15:17:48.842477";"2022-05-17 15:17:48.842485";"62022-05-1735050"
23;"static/postimages/itachi.jpg";"2022-05-17 15:17:48.842477";"2022-05-17 15:17:48.842485";"62022-05-1733936"
24;"static/postimages/ground_0024_color_1k_kRBg4Ua.jpg";"2022-05-22 22:13:14.985307";"2022-05-22 22:13:14.985316";"72022-05-2268886"
25;"static/postimages/ground_0024_ao_1k_pyWrSnJ.jpg";"2022-05-22 23:03:35.572948";"2022-05-22 23:03:35.572957";"72022-05-2241835"
26;"static/postimages/itachi_CyhKBDN.jpg";"2022-06-10 15:01:28.024038";"2022-06-10 15:01:28.024045";"62022-05-1782815"
27;"static/postimages/itachi_Y2FGT58.jpg";"2022-06-10 15:04:16.126027";"2022-06-10 15:04:16.126035";"62022-05-1782815"
28;"static/postimages/images_tZ74faR.jpeg";"2022-06-10 15:24:33.846656";"2022-06-10 15:24:33.846663";"62022-05-1736137"
29;"static/postimages/images_CrpFvoT.jpeg";"2022-06-10 15:26:31.554804";"2022-06-10 15:26:31.554812";"62022-05-1735050"
30;"static/postimages/images_iuAxDFX.jpeg";"2022-06-10 15:26:31.554804";"2022-06-10 15:26:31.554812";"62022-05-1735050"
31;"static/postimages/itachi_8nUmdrt.jpg";"2022-06-10 15:26:31.554804";"2022-06-10 15:26:31.554812";"62022-05-1735050"
32;"static/postimages/ground_0024_color_1k_E7xhjE3.jpg";"2022-06-10 15:26:31.554804";"2022-06-10 15:26:31.554812";"62022-05-1735050"
33;"static/postimages/images.jpeg";"2022-06-10 15:26:31.554804";"2022-06-10 15:26:31.554812";"62022-05-1735050"
34;"static/postimages/images_QaEqASh.jpeg";"2022-06-10 15:26:31.554804";"2022-06-10 15:26:31.554812";"62022-05-1733936"
35;"static/postimages/others_0027_roughness_1k.jpg";"2022-06-10 15:38:47.041226";"2022-06-10 15:38:47.041233";"62022-05-1782815"
36;"static/postimages/others_0027_emissive_1k.jpg";"2022-06-10 15:42:20.356025";"2022-06-10 15:42:20.356033";"62022-05-1782815"
37;"static/postimages/others_0027_ao_1k.jpg";"2022-06-10 15:43:00.462431";"2022-06-10 15:43:00.462439";"62022-05-1782815"
38;"static/postimages/others_0027_ao_1k_SZ6WEPK.jpg";"2022-06-10 15:43:45.477856";"2022-06-10 15:43:45.477863";"62022-05-1782815"
39;"static/postimages/others_0027_color_1k.jpg";"2022-06-10 15:44:40.454912";"2022-06-10 15:44:40.454920";"62022-05-1782815"
40;"static/postimages/others_0027_ao_1k_orBxpmu.jpg";"2022-06-10 15:44:40.454912";"2022-06-10 15:44:40.454920";"62022-05-1736137"
41;"static/postimages/others_0027_height_1k.png";"2022-06-11 23:17:57.964482";"2022-06-11 23:17:57.964490";"72022-05-2241835"
42;"static/postimages/itachi_g6K4Jfk.jpg";"2022-06-11 23:17:57.964482";"2022-06-11 23:17:57.964490";"72022-05-2268886"
